'2021-01-10T21:58:43.475Z','error','coveringcells','process$','error adding source connection: RxPg ORM n pgInsert$ method params [cellRawData,Cell Raw Data,Connection to Cell Raw Data database to consume original data vectors.,cellutility_base_geom_gridding,cell_raw_data,37north.io,200,10,3j329fjvkd2345-:k342ju,5632,postgres] duplicated: duplicate key value violates unique constraint "pg_connection_pkey"','undefined'
'2021-01-10T21:58:43.479Z','error','coveringcells','process$','error adding gridder task: RxPg ORM c pgInsert$ method params [gridderTaskPointIdwMdt,POINTIDWINTERPOLATION,Interpolación MDT con IDW,Interpolación del Modelo Digital del Terreno (MDT) mediante el método Inverse Distance Weighting.,mdt.mdt,geom,[object Object]] duplicated: duplicate key value violates unique constraint "gridder_task_pkey"','undefined'
'2021-01-10T21:58:43.480Z','error','coveringcells','process$','error adding grid: RxPg ORM l pgInsert$ method params [eu-grid,eu-grid,A grid based on the official EU one,3035,2700000,1500000,[object Object],[object Object],[object Object],[object Object],[object Object],[object Object],[object Object],[object Object],[object Object],[object Object]] duplicated: duplicate key value violates unique constraint "grid_pkey"','undefined'
'2021-01-10T21:58:43.490Z','error','coveringcells','process$','error adding gridder job: RxPg ORM d pgInsert$ method params [gridderJobPointIdwMdt,gridderTaskPointIdwMdt,0,0,select geom from context.andalucia,] duplicated: duplicate key value violates unique constraint "gridder_job_pkey"','undefined'
'2021-01-10T22:01:02.266Z','error','coveringcells','process$','error adding source connection: RxPg ORM n pgInsert$ method params [cellRawData,Cell Raw Data,Connection to Cell Raw Data database to consume original data vectors.,cellutility_base_geom_gridding,cell_raw_data,37north.io,200,10,3j329fjvkd2345-:k342ju,5632,postgres] duplicated: duplicate key value violates unique constraint "pg_connection_pkey"','undefined'
'2021-01-10T22:01:02.271Z','error','coveringcells','process$','error adding grid: RxPg ORM l pgInsert$ method params [eu-grid,eu-grid,A grid based on the official EU one,3035,2700000,1500000,[object Object],[object Object],[object Object],[object Object],[object Object],[object Object],[object Object],[object Object],[object Object],[object Object]] duplicated: duplicate key value violates unique constraint "grid_pkey"','undefined'
'2021-01-10T22:01:02.272Z','error','coveringcells','process$','error adding gridder task: RxPg ORM g pgInsert$ method params [gridderTaskPointAggregationsPoblacion,POINTAGGREGATIONS,Estadísticas de población,Estadísticas de población,poblacion.poblacion,geom,[object Object],] duplicated: duplicate key value violates unique constraint "gridder_task_pkey"','undefined'
'2021-01-10T22:01:02.279Z','error','coveringcells','process$','error adding gridder job: RxPg ORM d pgInsert$ method params [gridderJobPointAggregationsPoblacion,gridderTaskPointAggregationsPoblacion,0,0,select geom from context.andalucia,] duplicated: duplicate key value violates unique constraint "gridder_job_pkey"','undefined'
'2021-01-10T22:06:42.330Z','error','coveringcells','process$','error adding source connection: RxPg ORM n pgInsert$ method params [cellRawData,Cell Raw Data,Connection to Cell Raw Data database to consume original data vectors.,cellutility_base_geom_gridding,cell_raw_data,37north.io,200,10,3j329fjvkd2345-:k342ju,5632,postgres] duplicated: duplicate key value violates unique constraint "pg_connection_pkey"','undefined'
'2021-01-10T22:06:42.335Z','error','coveringcells','process$','error adding grid: RxPg ORM l pgInsert$ method params [eu-grid,eu-grid,A grid based on the official EU one,3035,2700000,1500000,[object Object],[object Object],[object Object],[object Object],[object Object],[object Object],[object Object],[object Object],[object Object],[object Object]] duplicated: duplicate key value violates unique constraint "grid_pkey"','undefined'
'2021-01-10T22:06:42.336Z','error','coveringcells','process$','error adding gridder task: RxPg ORM g pgInsert$ method params [gridderTaskPointAggregationsPoblacion,POINTAGGREGATIONS,Estadísticas de población,Estadísticas de población,poblacion.poblacion,geom,[object Object],] duplicated: duplicate key value violates unique constraint "gridder_task_pkey"','undefined'
'2021-01-10T22:06:42.345Z','error','coveringcells','process$','error adding gridder job: RxPg ORM d pgInsert$ method params [gridderJobPointAggregationsPoblacion,gridderTaskPointAggregationsPoblacion,0,0,select geom from context.andalucia,] duplicated: duplicate key value violates unique constraint "gridder_job_pkey"','undefined'
'2021-01-11T22:32:46.948Z','error','griddersetup','process$','error adding grid: RxPg ORM l pgInsert$ method params [eu-grid,eu-grid,A grid based on the official EU one,3035,2700000,1500000,[object Object],[object Object],[object Object],[object Object],[object Object],[object Object],[object Object],[object Object],[object Object],[object Object]] duplicated: duplicate key value violates unique constraint "grid_pkey"','undefined'
'2021-01-11T22:32:46.951Z','error','griddersetup','process$','error adding gridder job: RxPg ORM d pgInsert$ method params [gridderJobPointAggregationsPoblacion,gridderTaskPointAggregationsPoblacion,0,0,select geom from context.andalucia,] unspecified backend error: relation "cell_meta.gridder_job" does not exist','undefined'
'2021-01-11T22:32:47.160Z','error','coveringcells','process$','error adding source connection: RxPg ORM n pgInsert$ method params [cellRawData,Cell Raw Data,Connection to Cell Raw Data database to consume original data vectors.,cellutility_base_geom_gridding,cell_raw_data,37north.io,200,10,3j329fjvkd2345-:k342ju,5632,postgres] duplicated: duplicate key value violates unique constraint "pg_connection_pkey"','undefined'
'2021-01-11T22:32:47.165Z','error','coveringcells','process$','error adding grid: RxPg ORM l pgInsert$ method params [eu-grid,eu-grid,A grid based on the official EU one,3035,2700000,1500000,[object Object],[object Object],[object Object],[object Object],[object Object],[object Object],[object Object],[object Object],[object Object],[object Object]] duplicated: duplicate key value violates unique constraint "grid_pkey"','undefined'
'2021-01-11T22:32:47.166Z','error','coveringcells','process$','error adding gridder task: RxPg ORM g pgInsert$ method params [gridderTaskPointAggregationsPoblacion,POINTAGGREGATIONS,Estadísticas de población,Estadísticas de población,poblacion.poblacion,geom,[object Object],] duplicated: duplicate key value violates unique constraint "gridder_task_pkey"','undefined'
'2021-01-11T22:32:47.167Z','error','coveringcells','process$','error adding gridder job: RxPg ORM d pgInsert$ method params [gridderJobPointAggregationsPoblacion,gridderTaskPointAggregationsPoblacion,0,0,select geom from context.andalucia,] unspecified backend error: relation "cell_meta.gridder_job" does not exist','undefined'
'2021-01-11T22:43:09.320Z','error','griddersetup','process$','error adding source connection: RxPg ORM n pgInsert$ method params [cellRawData,Cell Raw Data,Connection to Cell Raw Data database to consume original data vectors.,griddersetup,cell_raw_data,37north.io,200,10,3j329fjvkd2345-:k342ju,5632,postgres] duplicated: duplicate key value violates unique constraint "pg_connection_pkey"','undefined'
'2021-01-11T22:43:09.325Z','error','griddersetup','process$','error adding grid: RxPg ORM l pgInsert$ method params [eu-grid,eu-grid,A grid based on the official EU one,3035,2700000,1500000,[object Object],[object Object],[object Object],[object Object],[object Object],[object Object],[object Object],[object Object],[object Object],[object Object]] duplicated: duplicate key value violates unique constraint "grid_pkey"','undefined'
'2021-01-11T22:43:09.784Z','error','coveringcells','process$','error adding source connection: RxPg ORM n pgInsert$ method params [cellRawData,Cell Raw Data,Connection to Cell Raw Data database to consume original data vectors.,cellutility_base_geom_gridding,cell_raw_data,37north.io,200,10,3j329fjvkd2345-:k342ju,5632,postgres] duplicated: duplicate key value violates unique constraint "pg_connection_pkey"','undefined'
'2021-01-11T22:43:09.786Z','error','coveringcells','process$','error adding gridder task: RxPg ORM p pgInsert$ method params [municipioDiscretePolyTopArea,DISCRETEPOLYTOPAREA,Municipio máxima área,Teselado de municipios con sus provincias por máxima área usando el algoritmo DiscretePolyTopAreaGridderTask,context.municipio,geom,[object Object],] duplicated: duplicate key value violates unique constraint "gridder_task_pkey"','undefined'
'2021-01-11T22:43:09.787Z','error','coveringcells','process$','error adding grid: RxPg ORM l pgInsert$ method params [eu-grid,eu-grid,A grid based on the official EU one,3035,2700000,1500000,[object Object],[object Object],[object Object],[object Object],[object Object],[object Object],[object Object],[object Object],[object Object],[object Object]] duplicated: duplicate key value violates unique constraint "grid_pkey"','undefined'
'2021-01-11T22:43:09.798Z','error','griddersetup','process$','error adding source connection: RxPg ORM n pgInsert$ method params [cellRawData,Cell Raw Data,Connection to Cell Raw Data database to consume original data vectors.,griddersetup,cell_raw_data,37north.io,200,10,3j329fjvkd2345-:k342ju,5632,postgres] duplicated: duplicate key value violates unique constraint "pg_connection_pkey"','undefined'
'2021-01-11T22:43:09.801Z','error','griddersetup','process$','error adding grid: RxPg ORM l pgInsert$ method params [eu-grid,eu-grid,A grid based on the official EU one,3035,2700000,1500000,[object Object],[object Object],[object Object],[object Object],[object Object],[object Object],[object Object],[object Object],[object Object],[object Object]] duplicated: duplicate key value violates unique constraint "grid_pkey"','undefined'
'2021-01-11T22:43:10.928Z','error','coveringcells','process$','error adding source connection: RxPg ORM n pgInsert$ method params [cellRawData,Cell Raw Data,Connection to Cell Raw Data database to consume original data vectors.,cellutility_base_geom_gridding,cell_raw_data,37north.io,200,10,3j329fjvkd2345-:k342ju,5632,postgres] duplicated: duplicate key value violates unique constraint "pg_connection_pkey"','undefined'
'2021-01-11T22:43:10.934Z','error','coveringcells','process$','error adding gridder task: RxPg ORM c pgInsert$ method params [municipioDiscreteAreaSummary,DISCRETEPOLYAREASUMMARY,Desglose de área de municipios,Área de cada municipio en la celda, incluyendo su provincia,context.municipio,geom,[object Object],] duplicated: duplicate key value violates unique constraint "gridder_task_pkey"','undefined'
'2021-01-11T22:43:10.934Z','error','coveringcells','process$','error adding grid: RxPg ORM l pgInsert$ method params [eu-grid,eu-grid,A grid based on the official EU one,3035,2700000,1500000,[object Object],[object Object],[object Object],[object Object],[object Object],[object Object],[object Object],[object Object],[object Object],[object Object]] duplicated: duplicate key value violates unique constraint "grid_pkey"','undefined'
'2021-01-11T22:43:10.939Z','error','DiscretePolyAreaSummaryGridderTask','computeCell$','municipioDiscreteAreaSummary DISCRETEPOLYAREASUMMARY (3035,1,1,6): error processing geometries: Error retrieving variables for GridderTask municipioDiscreteAreaSummary of type DISCRETEPOLYAREASUMMARY: Error retrieving index variable for GridderTask municipioDiscreteAreaSummary of type DISCRETEPOLYAREASUMMARY: RxPg ORM l select$ method params [] not found error: not found','{"error":"Error retrieving variables for GridderTask municipioDiscreteAreaSummary of type DISCRETEPOLYAREASUMMARY: Error retrieving index variable for GridderTask municipioDiscreteAreaSummary of type DISCRETEPOLYAREASUMMARY: RxPg ORM l select$ method params [] not found error: not found","cell":{"gridId":"eu-grid","zoom":1,"x":1,"y":6},"targetZoom":3}'
'2021-01-11T22:43:10.944Z','error','griddersetup','process$','error adding source connection: RxPg ORM n pgInsert$ method params [cellRawData,Cell Raw Data,Connection to Cell Raw Data database to consume original data vectors.,griddersetup,cell_raw_data,37north.io,200,10,3j329fjvkd2345-:k342ju,5632,postgres] duplicated: duplicate key value violates unique constraint "pg_connection_pkey"','undefined'
'2021-01-11T22:43:10.948Z','error','griddersetup','process$','error adding gridder task: RxPg ORM g pgInsert$ method params [gridderTaskPointAggregationsPoblacion,POINTAGGREGATIONS,Estadísticas de población,Estadísticas de población,poblacion.poblacion,geom,[object Object],] duplicated: duplicate key value violates unique constraint "gridder_task_pkey"','undefined'
'2021-01-11T22:43:10.949Z','error','griddersetup','process$','error adding grid: RxPg ORM l pgInsert$ method params [eu-grid,eu-grid,A grid based on the official EU one,3035,2700000,1500000,[object Object],[object Object],[object Object],[object Object],[object Object],[object Object],[object Object],[object Object],[object Object],[object Object]] duplicated: duplicate key value violates unique constraint "grid_pkey"','undefined'
'2021-01-11T22:43:10.957Z','error','coveringcells','process$','error adding source connection: RxPg ORM n pgInsert$ method params [cellRawData,Cell Raw Data,Connection to Cell Raw Data database to consume original data vectors.,cellutility_base_geom_gridding,cell_raw_data,37north.io,200,10,3j329fjvkd2345-:k342ju,5632,postgres] duplicated: duplicate key value violates unique constraint "pg_connection_pkey"','undefined'
'2021-01-11T22:43:10.961Z','error','coveringcells','process$','error adding grid: RxPg ORM l pgInsert$ method params [eu-grid,eu-grid,A grid based on the official EU one,3035,2700000,1500000,[object Object],[object Object],[object Object],[object Object],[object Object],[object Object],[object Object],[object Object],[object Object],[object Object]] duplicated: duplicate key value violates unique constraint "grid_pkey"','undefined'
'2021-01-11T22:43:10.963Z','error','coveringcells','process$','error adding gridder task: RxPg ORM g pgInsert$ method params [gridderTaskPointAggregationsPoblacion,POINTAGGREGATIONS,Estadísticas de población,Estadísticas de población,poblacion.poblacion,geom,[object Object],] duplicated: duplicate key value violates unique constraint "gridder_task_pkey"','undefined'
'2021-01-11T22:43:10.974Z','error','griddersetup','process$','error adding source connection: RxPg ORM n pgInsert$ method params [cellRawData,Cell Raw Data,Connection to Cell Raw Data database to consume original data vectors.,griddersetup,cell_raw_data,37north.io,200,10,3j329fjvkd2345-:k342ju,5632,postgres] duplicated: duplicate key value violates unique constraint "pg_connection_pkey"','undefined'
'2021-01-11T22:43:10.978Z','error','griddersetup','process$','error adding grid: RxPg ORM l pgInsert$ method params [eu-grid,eu-grid,A grid based on the official EU one,3035,2700000,1500000,[object Object],[object Object],[object Object],[object Object],[object Object],[object Object],[object Object],[object Object],[object Object],[object Object]] duplicated: duplicate key value violates unique constraint "grid_pkey"','undefined'
'2021-01-11T22:43:10.988Z','error','coveringcells','process$','error adding source connection: RxPg ORM n pgInsert$ method params [cellRawData,Cell Raw Data,Connection to Cell Raw Data database to consume original data vectors.,cellutility_base_geom_gridding,cell_raw_data,37north.io,200,10,3j329fjvkd2345-:k342ju,5632,postgres] duplicated: duplicate key value violates unique constraint "pg_connection_pkey"','undefined'
'2021-01-11T22:43:10.991Z','error','coveringcells','process$','error adding gridder task: RxPg ORM c pgInsert$ method params [gridderTaskPointIdwMdt,POINTIDWINTERPOLATION,Interpolación MDT con IDW,Interpolación del Modelo Digital del Terreno (MDT) mediante el método Inverse Distance Weighting.,mdt.mdt,geom,[object Object]] duplicated: duplicate key value violates unique constraint "gridder_task_pkey"','undefined'
'2021-01-11T22:43:10.993Z','error','coveringcells','process$','error adding grid: RxPg ORM l pgInsert$ method params [eu-grid,eu-grid,A grid based on the official EU one,3035,2700000,1500000,[object Object],[object Object],[object Object],[object Object],[object Object],[object Object],[object Object],[object Object],[object Object],[object Object]] duplicated: duplicate key value violates unique constraint "grid_pkey"','undefined'
'2021-01-11T22:43:11.002Z','error','griddersetup','process$','error adding source connection: RxPg ORM n pgInsert$ method params [cellRawData,Cell Raw Data,Connection to Cell Raw Data database to consume original data vectors.,griddersetup,cell_raw_data,37north.io,200,10,3j329fjvkd2345-:k342ju,5632,postgres] duplicated: duplicate key value violates unique constraint "pg_connection_pkey"','undefined'
'2021-01-11T22:43:11.006Z','error','griddersetup','process$','error adding gridder task: RxPg ORM m pgInsert$ method params [gridderTaskMdtProcessing,MDTPROCESSING,Interpolación MDT por media de alturas e IDW,Interpolación del Modelo Digital del Terreno (MDT) mediante el método de media de alturas si la densidad de puntos de alturas es lo suficientemente alta en la celda o por interpolación Inverse Distance Weighting si no.,mdt.mdt,geom,[object Object]] duplicated: duplicate key value violates unique constraint "gridder_task_pkey"','undefined'
'2021-01-11T22:43:11.007Z','error','griddersetup','process$','error adding grid: RxPg ORM l pgInsert$ method params [eu-grid,eu-grid,A grid based on the official EU one,3035,2700000,1500000,[object Object],[object Object],[object Object],[object Object],[object Object],[object Object],[object Object],[object Object],[object Object],[object Object]] duplicated: duplicate key value violates unique constraint "grid_pkey"','undefined'
'2021-01-11T22:43:11.014Z','error','coveringcells','process$','error adding source connection: RxPg ORM n pgInsert$ method params [cellRawData,Cell Raw Data,Connection to Cell Raw Data database to consume original data vectors.,cellutility_base_geom_gridding,cell_raw_data,37north.io,200,10,3j329fjvkd2345-:k342ju,5632,postgres] duplicated: duplicate key value violates unique constraint "pg_connection_pkey"','undefined'
'2021-01-11T22:43:11.017Z','error','coveringcells','process$','error adding gridder task: RxPg ORM m pgInsert$ method params [gridderTaskMdtProcessing,MDTPROCESSING,Interpolación MDT por media de alturas e IDW,Interpolación del Modelo Digital del Terreno (MDT) mediante el método de media de alturas si la densidad de puntos de alturas es lo suficientemente alta en la celda o por interpolación Inverse Distance Weighting si no.,mdt.mdt,geom,[object Object]] duplicated: duplicate key value violates unique constraint "gridder_task_pkey"','undefined'
'2021-01-11T22:43:11.018Z','error','coveringcells','process$','error adding grid: RxPg ORM l pgInsert$ method params [eu-grid,eu-grid,A grid based on the official EU one,3035,2700000,1500000,[object Object],[object Object],[object Object],[object Object],[object Object],[object Object],[object Object],[object Object],[object Object],[object Object]] duplicated: duplicate key value violates unique constraint "grid_pkey"','undefined'
'2021-01-11T22:44:18.847Z','error','griddersetup','process$','error adding source connection: RxPg ORM n pgInsert$ method params [cellRawData,Cell Raw Data,Connection to Cell Raw Data database to consume original data vectors.,griddersetup,cell_raw_data,37north.io,200,10,3j329fjvkd2345-:k342ju,5632,postgres] duplicated: duplicate key value violates unique constraint "pg_connection_pkey"','undefined'
'2021-01-11T22:44:18.854Z','error','griddersetup','process$','error adding gridder task: RxPg ORM p pgInsert$ method params [municipioDiscretePolyTopArea,DISCRETEPOLYTOPAREA,Municipio máxima área,Teselado de municipios con sus provincias por máxima área usando el algoritmo DiscretePolyTopAreaGridderTask,context.municipio,geom,[object Object],] duplicated: duplicate key value violates unique constraint "gridder_task_pkey"','undefined'
'2021-01-11T22:44:18.856Z','error','griddersetup','process$','error adding grid: RxPg ORM l pgInsert$ method params [eu-grid,eu-grid,A grid based on the official EU one,3035,2700000,1500000,[object Object],[object Object],[object Object],[object Object],[object Object],[object Object],[object Object],[object Object],[object Object],[object Object]] duplicated: duplicate key value violates unique constraint "grid_pkey"','undefined'
'2021-01-11T22:44:18.876Z','error','coveringcells','process$','error adding source connection: RxPg ORM n pgInsert$ method params [cellRawData,Cell Raw Data,Connection to Cell Raw Data database to consume original data vectors.,cellutility_base_geom_gridding,cell_raw_data,37north.io,200,10,3j329fjvkd2345-:k342ju,5632,postgres] duplicated: duplicate key value violates unique constraint "pg_connection_pkey"','undefined'
'2021-01-11T22:44:18.880Z','error','coveringcells','process$','error adding gridder task: RxPg ORM p pgInsert$ method params [municipioDiscretePolyTopArea,DISCRETEPOLYTOPAREA,Municipio máxima área,Teselado de municipios con sus provincias por máxima área usando el algoritmo DiscretePolyTopAreaGridderTask,context.municipio,geom,[object Object],] duplicated: duplicate key value violates unique constraint "gridder_task_pkey"','undefined'
'2021-01-11T22:44:18.881Z','error','coveringcells','process$','error adding grid: RxPg ORM l pgInsert$ method params [eu-grid,eu-grid,A grid based on the official EU one,3035,2700000,1500000,[object Object],[object Object],[object Object],[object Object],[object Object],[object Object],[object Object],[object Object],[object Object],[object Object]] duplicated: duplicate key value violates unique constraint "grid_pkey"','undefined'
'2021-01-11T22:44:18.897Z','error','griddersetup','process$','error adding source connection: RxPg ORM n pgInsert$ method params [cellRawData,Cell Raw Data,Connection to Cell Raw Data database to consume original data vectors.,griddersetup,cell_raw_data,37north.io,200,10,3j329fjvkd2345-:k342ju,5632,postgres] duplicated: duplicate key value violates unique constraint "pg_connection_pkey"','undefined'
'2021-01-11T22:44:18.901Z','error','griddersetup','process$','error adding grid: RxPg ORM l pgInsert$ method params [eu-grid,eu-grid,A grid based on the official EU one,3035,2700000,1500000,[object Object],[object Object],[object Object],[object Object],[object Object],[object Object],[object Object],[object Object],[object Object],[object Object]] duplicated: duplicate key value violates unique constraint "grid_pkey"','undefined'
'2021-01-11T22:44:18.914Z','error','griddersetup','process$','error adding gridder task: RxPg ORM c pgInsert$ method params [municipioDiscreteAreaSummary,DISCRETEPOLYAREASUMMARY,Desglose de área de municipios,Área de cada municipio en la celda, incluyendo su provincia,context.municipio,geom,[object Object],] duplicated: duplicate key value violates unique constraint "gridder_task_pkey"','undefined'
'2021-01-11T22:44:18.964Z','error','coveringcells','process$','error adding source connection: RxPg ORM n pgInsert$ method params [cellRawData,Cell Raw Data,Connection to Cell Raw Data database to consume original data vectors.,cellutility_base_geom_gridding,cell_raw_data,37north.io,200,10,3j329fjvkd2345-:k342ju,5632,postgres] duplicated: duplicate key value violates unique constraint "pg_connection_pkey"','undefined'
'2021-01-11T22:44:18.968Z','error','coveringcells','process$','error adding grid: RxPg ORM l pgInsert$ method params [eu-grid,eu-grid,A grid based on the official EU one,3035,2700000,1500000,[object Object],[object Object],[object Object],[object Object],[object Object],[object Object],[object Object],[object Object],[object Object],[object Object]] duplicated: duplicate key value violates unique constraint "grid_pkey"','undefined'
'2021-01-11T22:44:18.972Z','error','coveringcells','process$','error adding gridder task: RxPg ORM c pgInsert$ method params [municipioDiscreteAreaSummary,DISCRETEPOLYAREASUMMARY,Desglose de área de municipios,Área de cada municipio en la celda, incluyendo su provincia,context.municipio,geom,[object Object],] duplicated: duplicate key value violates unique constraint "gridder_task_pkey"','undefined'
'2021-01-11T22:44:18.979Z','error','DiscretePolyAreaSummaryGridderTask','computeCell$','municipioDiscreteAreaSummary DISCRETEPOLYAREASUMMARY (3035,1,1,6): error processing geometries: Error retrieving variables for GridderTask municipioDiscreteAreaSummary of type DISCRETEPOLYAREASUMMARY: Error retrieving index variable for GridderTask municipioDiscreteAreaSummary of type DISCRETEPOLYAREASUMMARY: RxPg ORM l select$ method params [] not found error: not found','{"error":"Error retrieving variables for GridderTask municipioDiscreteAreaSummary of type DISCRETEPOLYAREASUMMARY: Error retrieving index variable for GridderTask municipioDiscreteAreaSummary of type DISCRETEPOLYAREASUMMARY: RxPg ORM l select$ method params [] not found error: not found","cell":{"gridId":"eu-grid","zoom":1,"x":1,"y":6},"targetZoom":3}'
'2021-01-11T22:44:18.986Z','error','griddersetup','process$','error adding source connection: RxPg ORM n pgInsert$ method params [cellRawData,Cell Raw Data,Connection to Cell Raw Data database to consume original data vectors.,griddersetup,cell_raw_data,37north.io,200,10,3j329fjvkd2345-:k342ju,5632,postgres] duplicated: duplicate key value violates unique constraint "pg_connection_pkey"','undefined'
'2021-01-11T22:44:18.991Z','error','griddersetup','process$','error adding grid: RxPg ORM l pgInsert$ method params [eu-grid,eu-grid,A grid based on the official EU one,3035,2700000,1500000,[object Object],[object Object],[object Object],[object Object],[object Object],[object Object],[object Object],[object Object],[object Object],[object Object]] duplicated: duplicate key value violates unique constraint "grid_pkey"','undefined'
'2021-01-11T22:44:18.993Z','error','griddersetup','process$','error adding gridder task: RxPg ORM g pgInsert$ method params [gridderTaskPointAggregationsPoblacion,POINTAGGREGATIONS,Estadísticas de población,Estadísticas de población,poblacion.poblacion,geom,[object Object],] duplicated: duplicate key value violates unique constraint "gridder_task_pkey"','undefined'
'2021-01-11T22:44:19.007Z','error','coveringcells','process$','error adding source connection: RxPg ORM n pgInsert$ method params [cellRawData,Cell Raw Data,Connection to Cell Raw Data database to consume original data vectors.,cellutility_base_geom_gridding,cell_raw_data,37north.io,200,10,3j329fjvkd2345-:k342ju,5632,postgres] duplicated: duplicate key value violates unique constraint "pg_connection_pkey"','undefined'
'2021-01-11T22:44:19.013Z','error','coveringcells','process$','error adding grid: RxPg ORM l pgInsert$ method params [eu-grid,eu-grid,A grid based on the official EU one,3035,2700000,1500000,[object Object],[object Object],[object Object],[object Object],[object Object],[object Object],[object Object],[object Object],[object Object],[object Object]] duplicated: duplicate key value violates unique constraint "grid_pkey"','undefined'
'2021-01-11T22:44:19.016Z','error','coveringcells','process$','error adding gridder task: RxPg ORM g pgInsert$ method params [gridderTaskPointAggregationsPoblacion,POINTAGGREGATIONS,Estadísticas de población,Estadísticas de población,poblacion.poblacion,geom,[object Object],] duplicated: duplicate key value violates unique constraint "gridder_task_pkey"','undefined'
'2021-01-11T22:44:19.029Z','error','griddersetup','process$','error adding source connection: RxPg ORM n pgInsert$ method params [cellRawData,Cell Raw Data,Connection to Cell Raw Data database to consume original data vectors.,griddersetup,cell_raw_data,37north.io,200,10,3j329fjvkd2345-:k342ju,5632,postgres] duplicated: duplicate key value violates unique constraint "pg_connection_pkey"','undefined'
'2021-01-11T22:44:19.033Z','error','griddersetup','process$','error adding gridder task: RxPg ORM c pgInsert$ method params [gridderTaskPointIdwMdt,POINTIDWINTERPOLATION,Interpolación MDT con IDW,Interpolación del Modelo Digital del Terreno (MDT) mediante el método Inverse Distance Weighting.,mdt.mdt,geom,[object Object]] duplicated: duplicate key value violates unique constraint "gridder_task_pkey"','undefined'
'2021-01-11T22:44:19.034Z','error','griddersetup','process$','error adding grid: RxPg ORM l pgInsert$ method params [eu-grid,eu-grid,A grid based on the official EU one,3035,2700000,1500000,[object Object],[object Object],[object Object],[object Object],[object Object],[object Object],[object Object],[object Object],[object Object],[object Object]] duplicated: duplicate key value violates unique constraint "grid_pkey"','undefined'
'2021-01-11T22:44:19.052Z','error','coveringcells','process$','error adding source connection: RxPg ORM n pgInsert$ method params [cellRawData,Cell Raw Data,Connection to Cell Raw Data database to consume original data vectors.,cellutility_base_geom_gridding,cell_raw_data,37north.io,200,10,3j329fjvkd2345-:k342ju,5632,postgres] duplicated: duplicate key value violates unique constraint "pg_connection_pkey"','undefined'
'2021-01-11T22:44:19.058Z','error','coveringcells','process$','error adding grid: RxPg ORM l pgInsert$ method params [eu-grid,eu-grid,A grid based on the official EU one,3035,2700000,1500000,[object Object],[object Object],[object Object],[object Object],[object Object],[object Object],[object Object],[object Object],[object Object],[object Object]] duplicated: duplicate key value violates unique constraint "grid_pkey"','undefined'
'2021-01-11T22:44:19.059Z','error','coveringcells','process$','error adding gridder task: RxPg ORM c pgInsert$ method params [gridderTaskPointIdwMdt,POINTIDWINTERPOLATION,Interpolación MDT con IDW,Interpolación del Modelo Digital del Terreno (MDT) mediante el método Inverse Distance Weighting.,mdt.mdt,geom,[object Object]] duplicated: duplicate key value violates unique constraint "gridder_task_pkey"','undefined'
'2021-01-11T22:44:19.065Z','error','griddersetup','process$','error adding source connection: RxPg ORM n pgInsert$ method params [cellRawData,Cell Raw Data,Connection to Cell Raw Data database to consume original data vectors.,griddersetup,cell_raw_data,37north.io,200,10,3j329fjvkd2345-:k342ju,5632,postgres] duplicated: duplicate key value violates unique constraint "pg_connection_pkey"','undefined'
'2021-01-11T22:44:19.069Z','error','griddersetup','process$','error adding gridder task: RxPg ORM m pgInsert$ method params [gridderTaskMdtProcessing,MDTPROCESSING,Interpolación MDT por media de alturas e IDW,Interpolación del Modelo Digital del Terreno (MDT) mediante el método de media de alturas si la densidad de puntos de alturas es lo suficientemente alta en la celda o por interpolación Inverse Distance Weighting si no.,mdt.mdt,geom,[object Object]] duplicated: duplicate key value violates unique constraint "gridder_task_pkey"','undefined'
'2021-01-11T22:44:19.072Z','error','griddersetup','process$','error adding grid: RxPg ORM l pgInsert$ method params [eu-grid,eu-grid,A grid based on the official EU one,3035,2700000,1500000,[object Object],[object Object],[object Object],[object Object],[object Object],[object Object],[object Object],[object Object],[object Object],[object Object]] duplicated: duplicate key value violates unique constraint "grid_pkey"','undefined'
'2021-01-11T22:44:19.091Z','error','coveringcells','process$','error adding source connection: RxPg ORM n pgInsert$ method params [cellRawData,Cell Raw Data,Connection to Cell Raw Data database to consume original data vectors.,cellutility_base_geom_gridding,cell_raw_data,37north.io,200,10,3j329fjvkd2345-:k342ju,5632,postgres] duplicated: duplicate key value violates unique constraint "pg_connection_pkey"','undefined'
'2021-01-11T22:44:19.095Z','error','coveringcells','process$','error adding gridder task: RxPg ORM m pgInsert$ method params [gridderTaskMdtProcessing,MDTPROCESSING,Interpolación MDT por media de alturas e IDW,Interpolación del Modelo Digital del Terreno (MDT) mediante el método de media de alturas si la densidad de puntos de alturas es lo suficientemente alta en la celda o por interpolación Inverse Distance Weighting si no.,mdt.mdt,geom,[object Object]] duplicated: duplicate key value violates unique constraint "gridder_task_pkey"','undefined'
'2021-01-11T22:44:19.096Z','error','coveringcells','process$','error adding grid: RxPg ORM l pgInsert$ method params [eu-grid,eu-grid,A grid based on the official EU one,3035,2700000,1500000,[object Object],[object Object],[object Object],[object Object],[object Object],[object Object],[object Object],[object Object],[object Object],[object Object]] duplicated: duplicate key value violates unique constraint "grid_pkey"','undefined'
'2021-01-11T22:44:22.241Z','error','griddersetup','process$','error adding source connection: RxPg ORM n pgInsert$ method params [cellRawData,Cell Raw Data,Connection to Cell Raw Data database to consume original data vectors.,griddersetup,cell_raw_data,37north.io,200,10,3j329fjvkd2345-:k342ju,5632,postgres] duplicated: duplicate key value violates unique constraint "pg_connection_pkey"','undefined'
'2021-01-11T22:44:22.245Z','error','griddersetup','process$','error adding grid: RxPg ORM l pgInsert$ method params [eu-grid,eu-grid,A grid based on the official EU one,3035,2700000,1500000,[object Object],[object Object],[object Object],[object Object],[object Object],[object Object],[object Object],[object Object],[object Object],[object Object]] duplicated: duplicate key value violates unique constraint "grid_pkey"','undefined'
'2021-01-11T22:44:22.246Z','error','griddersetup','process$','error adding gridder task: RxPg ORM p pgInsert$ method params [municipioDiscretePolyTopArea,DISCRETEPOLYTOPAREA,Municipio máxima área,Teselado de municipios con sus provincias por máxima área usando el algoritmo DiscretePolyTopAreaGridderTask,context.municipio,geom,[object Object],] duplicated: duplicate key value violates unique constraint "gridder_task_pkey"','undefined'
'2021-01-11T22:44:22.262Z','error','coveringcells','process$','error adding source connection: RxPg ORM n pgInsert$ method params [cellRawData,Cell Raw Data,Connection to Cell Raw Data database to consume original data vectors.,cellutility_base_geom_gridding,cell_raw_data,37north.io,200,10,3j329fjvkd2345-:k342ju,5632,postgres] duplicated: duplicate key value violates unique constraint "pg_connection_pkey"','undefined'
'2021-01-11T22:44:22.265Z','error','coveringcells','process$','error adding grid: RxPg ORM l pgInsert$ method params [eu-grid,eu-grid,A grid based on the official EU one,3035,2700000,1500000,[object Object],[object Object],[object Object],[object Object],[object Object],[object Object],[object Object],[object Object],[object Object],[object Object]] duplicated: duplicate key value violates unique constraint "grid_pkey"','undefined'
'2021-01-11T22:44:22.269Z','error','coveringcells','process$','error adding gridder task: RxPg ORM p pgInsert$ method params [municipioDiscretePolyTopArea,DISCRETEPOLYTOPAREA,Municipio máxima área,Teselado de municipios con sus provincias por máxima área usando el algoritmo DiscretePolyTopAreaGridderTask,context.municipio,geom,[object Object],] duplicated: duplicate key value violates unique constraint "gridder_task_pkey"','undefined'
'2021-01-11T22:44:22.281Z','error','griddersetup','process$','error adding source connection: RxPg ORM n pgInsert$ method params [cellRawData,Cell Raw Data,Connection to Cell Raw Data database to consume original data vectors.,griddersetup,cell_raw_data,37north.io,200,10,3j329fjvkd2345-:k342ju,5632,postgres] duplicated: duplicate key value violates unique constraint "pg_connection_pkey"','undefined'
'2021-01-11T22:44:22.284Z','error','griddersetup','process$','error adding grid: RxPg ORM l pgInsert$ method params [eu-grid,eu-grid,A grid based on the official EU one,3035,2700000,1500000,[object Object],[object Object],[object Object],[object Object],[object Object],[object Object],[object Object],[object Object],[object Object],[object Object]] duplicated: duplicate key value violates unique constraint "grid_pkey"','undefined'
'2021-01-11T22:44:22.285Z','error','griddersetup','process$','error adding gridder task: RxPg ORM c pgInsert$ method params [municipioDiscreteAreaSummary,DISCRETEPOLYAREASUMMARY,Desglose de área de municipios,Área de cada municipio en la celda, incluyendo su provincia,context.municipio,geom,[object Object],] duplicated: duplicate key value violates unique constraint "gridder_task_pkey"','undefined'
'2021-01-11T22:44:22.323Z','error','coveringcells','process$','error adding source connection: RxPg ORM n pgInsert$ method params [cellRawData,Cell Raw Data,Connection to Cell Raw Data database to consume original data vectors.,cellutility_base_geom_gridding,cell_raw_data,37north.io,200,10,3j329fjvkd2345-:k342ju,5632,postgres] duplicated: duplicate key value violates unique constraint "pg_connection_pkey"','undefined'
'2021-01-11T22:44:22.325Z','error','coveringcells','process$','error adding gridder task: RxPg ORM c pgInsert$ method params [municipioDiscreteAreaSummary,DISCRETEPOLYAREASUMMARY,Desglose de área de municipios,Área de cada municipio en la celda, incluyendo su provincia,context.municipio,geom,[object Object],] duplicated: duplicate key value violates unique constraint "gridder_task_pkey"','undefined'
'2021-01-11T22:44:22.326Z','error','coveringcells','process$','error adding grid: RxPg ORM l pgInsert$ method params [eu-grid,eu-grid,A grid based on the official EU one,3035,2700000,1500000,[object Object],[object Object],[object Object],[object Object],[object Object],[object Object],[object Object],[object Object],[object Object],[object Object]] duplicated: duplicate key value violates unique constraint "grid_pkey"','undefined'
'2021-01-11T22:44:22.332Z','error','DiscretePolyAreaSummaryGridderTask','computeCell$','municipioDiscreteAreaSummary DISCRETEPOLYAREASUMMARY (3035,1,1,6): error processing geometries: Error retrieving variables for GridderTask municipioDiscreteAreaSummary of type DISCRETEPOLYAREASUMMARY: Error retrieving index variable for GridderTask municipioDiscreteAreaSummary of type DISCRETEPOLYAREASUMMARY: RxPg ORM l select$ method params [] not found error: not found','{"error":"Error retrieving variables for GridderTask municipioDiscreteAreaSummary of type DISCRETEPOLYAREASUMMARY: Error retrieving index variable for GridderTask municipioDiscreteAreaSummary of type DISCRETEPOLYAREASUMMARY: RxPg ORM l select$ method params [] not found error: not found","cell":{"gridId":"eu-grid","zoom":1,"x":1,"y":6},"targetZoom":3}'
'2021-01-11T22:44:22.337Z','error','griddersetup','process$','error adding source connection: RxPg ORM n pgInsert$ method params [cellRawData,Cell Raw Data,Connection to Cell Raw Data database to consume original data vectors.,griddersetup,cell_raw_data,37north.io,200,10,3j329fjvkd2345-:k342ju,5632,postgres] duplicated: duplicate key value violates unique constraint "pg_connection_pkey"','undefined'
'2021-01-11T22:44:22.341Z','error','griddersetup','process$','error adding grid: RxPg ORM l pgInsert$ method params [eu-grid,eu-grid,A grid based on the official EU one,3035,2700000,1500000,[object Object],[object Object],[object Object],[object Object],[object Object],[object Object],[object Object],[object Object],[object Object],[object Object]] duplicated: duplicate key value violates unique constraint "grid_pkey"','undefined'
'2021-01-11T22:44:22.342Z','error','griddersetup','process$','error adding gridder task: RxPg ORM g pgInsert$ method params [gridderTaskPointAggregationsPoblacion,POINTAGGREGATIONS,Estadísticas de población,Estadísticas de población,poblacion.poblacion,geom,[object Object],] duplicated: duplicate key value violates unique constraint "gridder_task_pkey"','undefined'
'2021-01-11T22:44:22.355Z','error','coveringcells','process$','error adding source connection: RxPg ORM n pgInsert$ method params [cellRawData,Cell Raw Data,Connection to Cell Raw Data database to consume original data vectors.,cellutility_base_geom_gridding,cell_raw_data,37north.io,200,10,3j329fjvkd2345-:k342ju,5632,postgres] duplicated: duplicate key value violates unique constraint "pg_connection_pkey"','undefined'
'2021-01-11T22:44:22.358Z','error','coveringcells','process$','error adding grid: RxPg ORM l pgInsert$ method params [eu-grid,eu-grid,A grid based on the official EU one,3035,2700000,1500000,[object Object],[object Object],[object Object],[object Object],[object Object],[object Object],[object Object],[object Object],[object Object],[object Object]] duplicated: duplicate key value violates unique constraint "grid_pkey"','undefined'
'2021-01-11T22:44:22.360Z','error','coveringcells','process$','error adding gridder task: RxPg ORM g pgInsert$ method params [gridderTaskPointAggregationsPoblacion,POINTAGGREGATIONS,Estadísticas de población,Estadísticas de población,poblacion.poblacion,geom,[object Object],] duplicated: duplicate key value violates unique constraint "gridder_task_pkey"','undefined'
'2021-01-11T22:44:22.369Z','error','griddersetup','process$','error adding source connection: RxPg ORM n pgInsert$ method params [cellRawData,Cell Raw Data,Connection to Cell Raw Data database to consume original data vectors.,griddersetup,cell_raw_data,37north.io,200,10,3j329fjvkd2345-:k342ju,5632,postgres] duplicated: duplicate key value violates unique constraint "pg_connection_pkey"','undefined'
'2021-01-11T22:44:22.372Z','error','griddersetup','process$','error adding grid: RxPg ORM l pgInsert$ method params [eu-grid,eu-grid,A grid based on the official EU one,3035,2700000,1500000,[object Object],[object Object],[object Object],[object Object],[object Object],[object Object],[object Object],[object Object],[object Object],[object Object]] duplicated: duplicate key value violates unique constraint "grid_pkey"','undefined'
'2021-01-11T22:44:22.374Z','error','griddersetup','process$','error adding gridder task: RxPg ORM c pgInsert$ method params [gridderTaskPointIdwMdt,POINTIDWINTERPOLATION,Interpolación MDT con IDW,Interpolación del Modelo Digital del Terreno (MDT) mediante el método Inverse Distance Weighting.,mdt.mdt,geom,[object Object]] duplicated: duplicate key value violates unique constraint "gridder_task_pkey"','undefined'
'2021-01-11T22:44:22.384Z','error','coveringcells','process$','error adding source connection: RxPg ORM n pgInsert$ method params [cellRawData,Cell Raw Data,Connection to Cell Raw Data database to consume original data vectors.,cellutility_base_geom_gridding,cell_raw_data,37north.io,200,10,3j329fjvkd2345-:k342ju,5632,postgres] duplicated: duplicate key value violates unique constraint "pg_connection_pkey"','undefined'
'2021-01-11T22:44:22.388Z','error','coveringcells','process$','error adding gridder task: RxPg ORM c pgInsert$ method params [gridderTaskPointIdwMdt,POINTIDWINTERPOLATION,Interpolación MDT con IDW,Interpolación del Modelo Digital del Terreno (MDT) mediante el método Inverse Distance Weighting.,mdt.mdt,geom,[object Object]] duplicated: duplicate key value violates unique constraint "gridder_task_pkey"','undefined'
'2021-01-11T22:44:22.388Z','error','coveringcells','process$','error adding grid: RxPg ORM l pgInsert$ method params [eu-grid,eu-grid,A grid based on the official EU one,3035,2700000,1500000,[object Object],[object Object],[object Object],[object Object],[object Object],[object Object],[object Object],[object Object],[object Object],[object Object]] duplicated: duplicate key value violates unique constraint "grid_pkey"','undefined'
'2021-01-11T22:44:22.392Z','error','griddersetup','process$','error adding source connection: RxPg ORM n pgInsert$ method params [cellRawData,Cell Raw Data,Connection to Cell Raw Data database to consume original data vectors.,griddersetup,cell_raw_data,37north.io,200,10,3j329fjvkd2345-:k342ju,5632,postgres] duplicated: duplicate key value violates unique constraint "pg_connection_pkey"','undefined'
'2021-01-11T22:44:22.395Z','error','griddersetup','process$','error adding grid: RxPg ORM l pgInsert$ method params [eu-grid,eu-grid,A grid based on the official EU one,3035,2700000,1500000,[object Object],[object Object],[object Object],[object Object],[object Object],[object Object],[object Object],[object Object],[object Object],[object Object]] duplicated: duplicate key value violates unique constraint "grid_pkey"','undefined'
'2021-01-11T22:44:22.396Z','error','griddersetup','process$','error adding gridder task: RxPg ORM m pgInsert$ method params [gridderTaskMdtProcessing,MDTPROCESSING,Interpolación MDT por media de alturas e IDW,Interpolación del Modelo Digital del Terreno (MDT) mediante el método de media de alturas si la densidad de puntos de alturas es lo suficientemente alta en la celda o por interpolación Inverse Distance Weighting si no.,mdt.mdt,geom,[object Object]] duplicated: duplicate key value violates unique constraint "gridder_task_pkey"','undefined'
'2021-01-11T22:44:22.405Z','error','coveringcells','process$','error adding source connection: RxPg ORM n pgInsert$ method params [cellRawData,Cell Raw Data,Connection to Cell Raw Data database to consume original data vectors.,cellutility_base_geom_gridding,cell_raw_data,37north.io,200,10,3j329fjvkd2345-:k342ju,5632,postgres] duplicated: duplicate key value violates unique constraint "pg_connection_pkey"','undefined'
'2021-01-11T22:44:22.410Z','error','coveringcells','process$','error adding gridder task: RxPg ORM m pgInsert$ method params [gridderTaskMdtProcessing,MDTPROCESSING,Interpolación MDT por media de alturas e IDW,Interpolación del Modelo Digital del Terreno (MDT) mediante el método de media de alturas si la densidad de puntos de alturas es lo suficientemente alta en la celda o por interpolación Inverse Distance Weighting si no.,mdt.mdt,geom,[object Object]] duplicated: duplicate key value violates unique constraint "gridder_task_pkey"','undefined'
'2021-01-11T22:44:22.411Z','error','coveringcells','process$','error adding grid: RxPg ORM l pgInsert$ method params [eu-grid,eu-grid,A grid based on the official EU one,3035,2700000,1500000,[object Object],[object Object],[object Object],[object Object],[object Object],[object Object],[object Object],[object Object],[object Object],[object Object]] duplicated: duplicate key value violates unique constraint "grid_pkey"','undefined'
'2021-01-11T22:44:53.820Z','error','coveringcells','process$','error adding source connection: RxPg ORM n pgInsert$ method params [cellRawData,Cell Raw Data,Connection to Cell Raw Data database to consume original data vectors.,cellutility_base_geom_gridding,cell_raw_data,37north.io,200,10,3j329fjvkd2345-:k342ju,5632,postgres] duplicated: duplicate key value violates unique constraint "pg_connection_pkey"','undefined'
'2021-01-11T22:44:53.823Z','error','coveringcells','process$','error adding grid: RxPg ORM l pgInsert$ method params [eu-grid,eu-grid,A grid based on the official EU one,3035,2700000,1500000,[object Object],[object Object],[object Object],[object Object],[object Object],[object Object],[object Object],[object Object],[object Object],[object Object]] duplicated: duplicate key value violates unique constraint "grid_pkey"','undefined'
'2021-01-11T22:44:53.824Z','error','coveringcells','process$','error adding gridder task: RxPg ORM p pgInsert$ method params [municipioDiscretePolyTopArea,DISCRETEPOLYTOPAREA,Municipio máxima área,Teselado de municipios con sus provincias por máxima área usando el algoritmo DiscretePolyTopAreaGridderTask,context.municipio,geom,[object Object],] duplicated: duplicate key value violates unique constraint "gridder_task_pkey"','undefined'
'2021-01-11T22:44:53.874Z','error','griddersetup','process$','error adding source connection: RxPg ORM n pgInsert$ method params [cellRawData,Cell Raw Data,Connection to Cell Raw Data database to consume original data vectors.,griddersetup,cell_raw_data,37north.io,200,10,3j329fjvkd2345-:k342ju,5632,postgres] duplicated: duplicate key value violates unique constraint "pg_connection_pkey"','undefined'
'2021-01-11T22:44:53.878Z','error','griddersetup','process$','error adding grid: RxPg ORM l pgInsert$ method params [eu-grid,eu-grid,A grid based on the official EU one,3035,2700000,1500000,[object Object],[object Object],[object Object],[object Object],[object Object],[object Object],[object Object],[object Object],[object Object],[object Object]] duplicated: duplicate key value violates unique constraint "grid_pkey"','undefined'
'2021-01-11T22:44:55.075Z','error','coveringcells','process$','error adding source connection: RxPg ORM n pgInsert$ method params [cellRawData,Cell Raw Data,Connection to Cell Raw Data database to consume original data vectors.,cellutility_base_geom_gridding,cell_raw_data,37north.io,200,10,3j329fjvkd2345-:k342ju,5632,postgres] duplicated: duplicate key value violates unique constraint "pg_connection_pkey"','undefined'
'2021-01-11T22:44:55.078Z','error','coveringcells','process$','error adding grid: RxPg ORM l pgInsert$ method params [eu-grid,eu-grid,A grid based on the official EU one,3035,2700000,1500000,[object Object],[object Object],[object Object],[object Object],[object Object],[object Object],[object Object],[object Object],[object Object],[object Object]] duplicated: duplicate key value violates unique constraint "grid_pkey"','undefined'
'2021-01-11T22:44:55.079Z','error','coveringcells','process$','error adding gridder task: RxPg ORM c pgInsert$ method params [municipioDiscreteAreaSummary,DISCRETEPOLYAREASUMMARY,Desglose de área de municipios,Área de cada municipio en la celda, incluyendo su provincia,context.municipio,geom,[object Object],] duplicated: duplicate key value violates unique constraint "gridder_task_pkey"','undefined'
'2021-01-11T22:44:55.083Z','error','DiscretePolyAreaSummaryGridderTask','computeCell$','municipioDiscreteAreaSummary DISCRETEPOLYAREASUMMARY (3035,1,1,6): error processing geometries: Error retrieving variables for GridderTask municipioDiscreteAreaSummary of type DISCRETEPOLYAREASUMMARY: Error retrieving index variable for GridderTask municipioDiscreteAreaSummary of type DISCRETEPOLYAREASUMMARY: RxPg ORM l select$ method params [] not found error: not found','{"error":"Error retrieving variables for GridderTask municipioDiscreteAreaSummary of type DISCRETEPOLYAREASUMMARY: Error retrieving index variable for GridderTask municipioDiscreteAreaSummary of type DISCRETEPOLYAREASUMMARY: RxPg ORM l select$ method params [] not found error: not found","cell":{"gridId":"eu-grid","zoom":1,"x":1,"y":6},"targetZoom":3}'
'2021-01-11T22:44:55.088Z','error','griddersetup','process$','error adding source connection: RxPg ORM n pgInsert$ method params [cellRawData,Cell Raw Data,Connection to Cell Raw Data database to consume original data vectors.,griddersetup,cell_raw_data,37north.io,200,10,3j329fjvkd2345-:k342ju,5632,postgres] duplicated: duplicate key value violates unique constraint "pg_connection_pkey"','undefined'
'2021-01-11T22:44:55.092Z','error','griddersetup','process$','error adding grid: RxPg ORM l pgInsert$ method params [eu-grid,eu-grid,A grid based on the official EU one,3035,2700000,1500000,[object Object],[object Object],[object Object],[object Object],[object Object],[object Object],[object Object],[object Object],[object Object],[object Object]] duplicated: duplicate key value violates unique constraint "grid_pkey"','undefined'
'2021-01-11T22:44:55.270Z','error','coveringcells','process$','error adding source connection: RxPg ORM n pgInsert$ method params [cellRawData,Cell Raw Data,Connection to Cell Raw Data database to consume original data vectors.,cellutility_base_geom_gridding,cell_raw_data,37north.io,200,10,3j329fjvkd2345-:k342ju,5632,postgres] duplicated: duplicate key value violates unique constraint "pg_connection_pkey"','undefined'
'2021-01-11T22:44:55.274Z','error','coveringcells','process$','error adding grid: RxPg ORM l pgInsert$ method params [eu-grid,eu-grid,A grid based on the official EU one,3035,2700000,1500000,[object Object],[object Object],[object Object],[object Object],[object Object],[object Object],[object Object],[object Object],[object Object],[object Object]] duplicated: duplicate key value violates unique constraint "grid_pkey"','undefined'
'2021-01-11T22:44:55.274Z','error','coveringcells','process$','error adding gridder task: RxPg ORM g pgInsert$ method params [gridderTaskPointAggregationsPoblacion,POINTAGGREGATIONS,Estadísticas de población,Estadísticas de población,poblacion.poblacion,geom,[object Object],] duplicated: duplicate key value violates unique constraint "gridder_task_pkey"','undefined'
'2021-01-11T22:44:55.285Z','error','griddersetup','process$','error adding source connection: RxPg ORM n pgInsert$ method params [cellRawData,Cell Raw Data,Connection to Cell Raw Data database to consume original data vectors.,griddersetup,cell_raw_data,37north.io,200,10,3j329fjvkd2345-:k342ju,5632,postgres] duplicated: duplicate key value violates unique constraint "pg_connection_pkey"','undefined'
'2021-01-11T22:44:55.289Z','error','griddersetup','process$','error adding grid: RxPg ORM l pgInsert$ method params [eu-grid,eu-grid,A grid based on the official EU one,3035,2700000,1500000,[object Object],[object Object],[object Object],[object Object],[object Object],[object Object],[object Object],[object Object],[object Object],[object Object]] duplicated: duplicate key value violates unique constraint "grid_pkey"','undefined'
'2021-01-11T22:44:55.297Z','error','coveringcells','process$','error adding source connection: RxPg ORM n pgInsert$ method params [cellRawData,Cell Raw Data,Connection to Cell Raw Data database to consume original data vectors.,cellutility_base_geom_gridding,cell_raw_data,37north.io,200,10,3j329fjvkd2345-:k342ju,5632,postgres] duplicated: duplicate key value violates unique constraint "pg_connection_pkey"','undefined'
'2021-01-11T22:44:55.301Z','error','coveringcells','process$','error adding gridder task: RxPg ORM c pgInsert$ method params [gridderTaskPointIdwMdt,POINTIDWINTERPOLATION,Interpolación MDT con IDW,Interpolación del Modelo Digital del Terreno (MDT) mediante el método Inverse Distance Weighting.,mdt.mdt,geom,[object Object]] duplicated: duplicate key value violates unique constraint "gridder_task_pkey"','undefined'
'2021-01-11T22:44:55.302Z','error','coveringcells','process$','error adding grid: RxPg ORM l pgInsert$ method params [eu-grid,eu-grid,A grid based on the official EU one,3035,2700000,1500000,[object Object],[object Object],[object Object],[object Object],[object Object],[object Object],[object Object],[object Object],[object Object],[object Object]] duplicated: duplicate key value violates unique constraint "grid_pkey"','undefined'
'2021-01-11T22:44:55.308Z','error','griddersetup','process$','error adding source connection: RxPg ORM n pgInsert$ method params [cellRawData,Cell Raw Data,Connection to Cell Raw Data database to consume original data vectors.,griddersetup,cell_raw_data,37north.io,200,10,3j329fjvkd2345-:k342ju,5632,postgres] duplicated: duplicate key value violates unique constraint "pg_connection_pkey"','undefined'
'2021-01-11T22:44:55.311Z','error','griddersetup','process$','error adding grid: RxPg ORM l pgInsert$ method params [eu-grid,eu-grid,A grid based on the official EU one,3035,2700000,1500000,[object Object],[object Object],[object Object],[object Object],[object Object],[object Object],[object Object],[object Object],[object Object],[object Object]] duplicated: duplicate key value violates unique constraint "grid_pkey"','undefined'
'2021-01-11T22:44:55.321Z','error','coveringcells','process$','error adding source connection: RxPg ORM n pgInsert$ method params [cellRawData,Cell Raw Data,Connection to Cell Raw Data database to consume original data vectors.,cellutility_base_geom_gridding,cell_raw_data,37north.io,200,10,3j329fjvkd2345-:k342ju,5632,postgres] duplicated: duplicate key value violates unique constraint "pg_connection_pkey"','undefined'
'2021-01-11T22:44:55.324Z','error','coveringcells','process$','error adding grid: RxPg ORM l pgInsert$ method params [eu-grid,eu-grid,A grid based on the official EU one,3035,2700000,1500000,[object Object],[object Object],[object Object],[object Object],[object Object],[object Object],[object Object],[object Object],[object Object],[object Object]] duplicated: duplicate key value violates unique constraint "grid_pkey"','undefined'
'2021-01-11T22:44:55.325Z','error','coveringcells','process$','error adding gridder task: RxPg ORM m pgInsert$ method params [gridderTaskMdtProcessing,MDTPROCESSING,Interpolación MDT por media de alturas e IDW,Interpolación del Modelo Digital del Terreno (MDT) mediante el método de media de alturas si la densidad de puntos de alturas es lo suficientemente alta en la celda o por interpolación Inverse Distance Weighting si no.,mdt.mdt,geom,[object Object]] duplicated: duplicate key value violates unique constraint "gridder_task_pkey"','undefined'
'2021-01-11T22:46:04.180Z','error','coveringcells','process$','error adding source connection: RxPg ORM n pgInsert$ method params [cellRawData,Cell Raw Data,Connection to Cell Raw Data database to consume original data vectors.,cellutility_base_geom_gridding,cell_raw_data,37north.io,200,10,3j329fjvkd2345-:k342ju,5632,postgres] duplicated: duplicate key value violates unique constraint "pg_connection_pkey"','undefined'
'2021-01-11T22:46:04.184Z','error','coveringcells','process$','error adding grid: RxPg ORM l pgInsert$ method params [eu-grid,eu-grid,A grid based on the official EU one,3035,2700000,1500000,[object Object],[object Object],[object Object],[object Object],[object Object],[object Object],[object Object],[object Object],[object Object],[object Object]] duplicated: duplicate key value violates unique constraint "grid_pkey"','undefined'
'2021-01-11T22:46:04.185Z','error','coveringcells','process$','error adding gridder task: RxPg ORM p pgInsert$ method params [municipioDiscretePolyTopArea,DISCRETEPOLYTOPAREA,Municipio máxima área,Teselado de municipios con sus provincias por máxima área usando el algoritmo DiscretePolyTopAreaGridderTask,context.municipio,geom,[object Object],] duplicated: duplicate key value violates unique constraint "gridder_task_pkey"','undefined'
'2021-01-11T22:47:24.290Z','error','gridder','process$','error adding source connection: RxPg ORM n pgInsert$ method params [cellRawData,Cell Raw Data,Connection to Cell Raw Data database to consume original data vectors.,cellutility_base_geom_gridding,cell_raw_data,37north.io,200,10,3j329fjvkd2345-:k342ju,5632,postgres] duplicated: duplicate key value violates unique constraint "pg_connection_pkey"','undefined'
'2021-01-11T22:47:24.295Z','error','gridder','process$','error adding gridder task: RxPg ORM p pgInsert$ method params [municipioDiscretePolyTopArea,DISCRETEPOLYTOPAREA,Municipio máxima área,Teselado de municipios con sus provincias por máxima área usando el algoritmo DiscretePolyTopAreaGridderTask,context.municipio,geom,[object Object],] duplicated: duplicate key value violates unique constraint "gridder_task_pkey"','undefined'
'2021-01-11T22:47:24.296Z','error','gridder','process$','error adding grid: RxPg ORM l pgInsert$ method params [eu-grid,eu-grid,A grid based on the official EU one,3035,2700000,1500000,[object Object],[object Object],[object Object],[object Object],[object Object],[object Object],[object Object],[object Object],[object Object],[object Object]] duplicated: duplicate key value violates unique constraint "grid_pkey"','undefined'
'2021-01-11T22:48:53.637Z','error','gridder','process$','error adding source connection: RxPg ORM n pgInsert$ method params [cellRawData,Cell Raw Data,Connection to Cell Raw Data database to consume original data vectors.,cellutility_base_geom_gridding,cell_raw_data,37north.io,200,10,3j329fjvkd2345-:k342ju,5632,postgres] duplicated: duplicate key value violates unique constraint "pg_connection_pkey"','undefined'
'2021-01-11T22:48:53.641Z','error','gridder','process$','error adding grid: RxPg ORM l pgInsert$ method params [eu-grid,eu-grid,A grid based on the official EU one,3035,2700000,1500000,[object Object],[object Object],[object Object],[object Object],[object Object],[object Object],[object Object],[object Object],[object Object],[object Object]] duplicated: duplicate key value violates unique constraint "grid_pkey"','undefined'
'2021-01-11T22:48:53.641Z','error','gridder','process$','error adding gridder task: RxPg ORM p pgInsert$ method params [municipioDiscretePolyTopArea,DISCRETEPOLYTOPAREA,Municipio máxima área,Teselado de municipios con sus provincias por máxima área usando el algoritmo DiscretePolyTopAreaGridderTask,context.municipio,geom,[object Object],] duplicated: duplicate key value violates unique constraint "gridder_task_pkey"','undefined'
'2021-01-11T22:57:25.807Z','error','griddersetup','process$','error adding source connection: RxPg ORM n pgInsert$ method params [cellRawData,Cell Raw Data,Connection to Cell Raw Data database to consume original data vectors.,griddersetup,cell_raw_data,37north.io,200,10,3j329fjvkd2345-:k342ju,5632,postgres] duplicated: duplicate key value violates unique constraint "pg_connection_pkey"','undefined'
'2021-01-11T22:57:25.813Z','error','griddersetup','process$','error adding grid: RxPg ORM l pgInsert$ method params [eu-grid,eu-grid,A grid based on the official EU one,3035,2700000,1500000,[object Object],[object Object],[object Object],[object Object],[object Object],[object Object],[object Object],[object Object],[object Object],[object Object]] duplicated: duplicate key value violates unique constraint "grid_pkey"','undefined'
'2021-01-11T22:57:36.528Z','error','griddersetup','process$','error adding source connection: RxPg ORM n pgInsert$ method params [cellRawData,Cell Raw Data,Connection to Cell Raw Data database to consume original data vectors.,griddersetup,cell_raw_data,37north.io,200,10,3j329fjvkd2345-:k342ju,5632,postgres] duplicated: duplicate key value violates unique constraint "pg_connection_pkey"','undefined'
'2021-01-11T22:57:36.528Z','error','griddersetup','process$','error adding grid: RxPg ORM l pgInsert$ method params [eu-grid,eu-grid,A grid based on the official EU one,3035,2700000,1500000,[object Object],[object Object],[object Object],[object Object],[object Object],[object Object],[object Object],[object Object],[object Object],[object Object]] duplicated: duplicate key value violates unique constraint "grid_pkey"','undefined'
'2021-01-11T22:57:42.283Z','error','griddersetup','process$','error adding grid: RxPg ORM l pgInsert$ method params [eu-grid,eu-grid,A grid based on the official EU one,3035,2700000,1500000,[object Object],[object Object],[object Object],[object Object],[object Object],[object Object],[object Object],[object Object],[object Object],[object Object]] duplicated: duplicate key value violates unique constraint "grid_pkey"','undefined'
'2021-01-11T22:57:42.293Z','error','griddersetup','process$','error adding source connection: RxPg ORM n pgInsert$ method params [cellRawData,Cell Raw Data,Connection to Cell Raw Data database to consume original data vectors.,griddersetup,cell_raw_data,37north.io,200,10,3j329fjvkd2345-:k342ju,5632,postgres] duplicated: duplicate key value violates unique constraint "pg_connection_pkey"','undefined'
'2021-01-11T22:57:48.881Z','error','griddersetup','process$','error adding source connection: RxPg ORM n pgInsert$ method params [cellRawData,Cell Raw Data,Connection to Cell Raw Data database to consume original data vectors.,griddersetup,cell_raw_data,37north.io,200,10,3j329fjvkd2345-:k342ju,5632,postgres] duplicated: duplicate key value violates unique constraint "pg_connection_pkey"','undefined'
'2021-01-11T22:57:48.881Z','error','griddersetup','process$','error adding grid: RxPg ORM l pgInsert$ method params [eu-grid,eu-grid,A grid based on the official EU one,3035,2700000,1500000,[object Object],[object Object],[object Object],[object Object],[object Object],[object Object],[object Object],[object Object],[object Object],[object Object]] duplicated: duplicate key value violates unique constraint "grid_pkey"','undefined'
'2021-01-19T00:13:29.310Z','error','griddersetup','process$','error adding source connection: RxPg ORM n pgInsert$ method params [cellRawData,Cell Raw Data,Connection to Cell Raw Data database to consume original data vectors.,griddersetup,cell_raw_data,37north.io,200,10,3j329fjvkd2345-:k342ju,5632,postgres] duplicated: duplicate key value violates unique constraint "pg_connection_pkey"','undefined'
'2021-01-19T00:13:29.316Z','error','griddersetup','process$','error adding grid: RxPg ORM l pgInsert$ method params [eu-grid,eu-grid,A grid based on the official EU one,3035,2700000,1500000,[object Object],[object Object],[object Object],[object Object],[object Object],[object Object],[object Object],[object Object],[object Object],[object Object]] duplicated: duplicate key value violates unique constraint "grid_pkey"','undefined'
'2021-01-19T00:13:39.312Z','error','griddersetup','process$','error adding grid: RxPg ORM l pgInsert$ method params [eu-grid,eu-grid,A grid based on the official EU one,3035,2700000,1500000,[object Object],[object Object],[object Object],[object Object],[object Object],[object Object],[object Object],[object Object],[object Object],[object Object]] duplicated: duplicate key value violates unique constraint "grid_pkey"','undefined'
'2021-01-19T00:13:39.312Z','error','griddersetup','process$','error adding source connection: RxPg ORM n pgInsert$ method params [cellRawData,Cell Raw Data,Connection to Cell Raw Data database to consume original data vectors.,griddersetup,cell_raw_data,37north.io,200,10,3j329fjvkd2345-:k342ju,5632,postgres] duplicated: duplicate key value violates unique constraint "pg_connection_pkey"','undefined'
'2021-01-19T00:13:44.896Z','error','griddersetup','process$','error adding source connection: RxPg ORM n pgInsert$ method params [cellRawData,Cell Raw Data,Connection to Cell Raw Data database to consume original data vectors.,griddersetup,cell_raw_data,37north.io,200,10,3j329fjvkd2345-:k342ju,5632,postgres] duplicated: duplicate key value violates unique constraint "pg_connection_pkey"','undefined'
'2021-01-19T00:13:44.897Z','error','griddersetup','process$','error adding grid: RxPg ORM l pgInsert$ method params [eu-grid,eu-grid,A grid based on the official EU one,3035,2700000,1500000,[object Object],[object Object],[object Object],[object Object],[object Object],[object Object],[object Object],[object Object],[object Object],[object Object]] duplicated: duplicate key value violates unique constraint "grid_pkey"','undefined'
'2021-01-19T00:14:00.105Z','error','griddersetup','process$','error adding source connection: RxPg ORM n pgInsert$ method params [cellRawData,Cell Raw Data,Connection to Cell Raw Data database to consume original data vectors.,griddersetup,cell_raw_data,37north.io,200,10,3j329fjvkd2345-:k342ju,5632,postgres] duplicated: duplicate key value violates unique constraint "pg_connection_pkey"','undefined'
'2021-01-19T00:14:00.106Z','error','griddersetup','process$','error adding grid: RxPg ORM l pgInsert$ method params [eu-grid,eu-grid,A grid based on the official EU one,3035,2700000,1500000,[object Object],[object Object],[object Object],[object Object],[object Object],[object Object],[object Object],[object Object],[object Object],[object Object]] duplicated: duplicate key value violates unique constraint "grid_pkey"','undefined'
